Age,Sex,Chest Pain,Resting Blood Pressure,Cholesterol,Fasting Blood Sugar,Electrocardiographic,Maximum Heart Rate Achieved,Exercise,ST Depression,slope,CA,Thalassemia,target
63,1,3,145,233,1,0,150,0,2.3,0,0,1,1
37,1,2,130,250,0,1,187,0,3.5,0,0,2,0
41,0,1,130,204,0,0,172,0,1.4,2,0,2,0
56,1,1,120,236,0,1,178,0,0.8,2,0,2,1
57,0,0,120,354,0,1,163,1,0.6,2,0,2,1
57,1,0,140,192,0,1,148,0,0.4,1,0,1,0
56,0,1,140,294,0,0,153,0,1.3,1,0,2,0
44,1,1,120,263,0,1,173,0,0.0,2,0,3,0
52,1,2,172,199,1,1,162,0,0.5,2,0,3,1
57,1,2,150,168,0,1,174,0,1.6,2,0,2,0
54,1,0,140,239,0,1,160,0,1.2,2,1,3,1
48,0,2,130,275,0,0,139,0,0.2,2,0,2,0
49,1,1,130,266,0,1,171,0,0.6,2,0,2,1
64,1,3,110,211,0,0,144,1,1.8,1,0,2,1
58,0,1,150,283,1,1,162,0,1.0,2,0,2,1
50,1,2,140,233,0,1,163,0,0.6,2,0,3,0
58,1,0,120,284,0,1,160,0,1.8,2,0,2,1
66,1,0,160,228,0,1,138,0,2.3,1,0,3,1
43,0,2,120,177,0,1,120,0,2.5,1,0,2,0
69,1,3,140,239,0,1,151,0,1.8,2,2,2,1
59,1,0,135,234,0,1,161,0,0.5,2,0,2,0
44,1,2,130,233,0,1,179,0,0.4,2,0,2,0
42,1,0,120,240,1,1,194,0,0.8,2,0,3,1
61,1,2,140,207,0,1,138,1,1.9,1,1,3,1
40,1,3,120,281,0,1,167,0,1.3,1,0,3,0
71,0,1,160,302,0,1,162,0,0.4,2,1,2,1
59,1,3,150,212,1,1,157,0,1.6,2,0,3,1
51,1,2,125,245,1,1,166,0,2.4,2,0,3,0
65,0,0,140,417,1,0,157,0,0.8,2,1,2,1
53,1,2,120,182,0,1,148,0,2.5,2,0,2,1
41,1,1,125,250,0,1,179,0,0.8,2,0,3,0
63,0,3,150,407,0,1,154,1,4.0,2,0,3,1
58,1,0,140,211,1,0,165,0,0.0,2,0,3,0
60,1,2,145,260,0,1,155,0,0.8,2,0,2,1
42,1,1,120,240,0,1,194,0,0.8,2,0,3,1
67,1,0,150,226,0,1,142,1,3.0,1,0,2,1
53,0,2,130,264,0,0,143,0,0.4,2,0,3,0
56,1,2,120,201,0,1,126,1,1.0,1,1,3,1
64,1,3,170,227,0,1,155,0,0.6,2,1,2,1
50,0,2,110,254,0,1,159,0,0.0,2,0,3,0
59,1,1,140,177,0,1,162,1,0.0,2,0,3,0
43,1,0,120,249,0,1,176,0,1.2,2,0,2,0
66,1,3,150,226,0,1,114,1,2.6,1,0,2,1
54,1,1,125,273,0,1,152,0,0.5,2,0,3,0
62,0,2,120,281,0,1,103,0,1.4,1,1,3,1
44,1,1,130,219,0,1,188,0,0.0,2,0,3,0
55,0,2,135,250,0,1,161,0,1.2,2,0,2,1
62,1,0,140,268,0,1,160,0,3.6,0,2,3,1
41,1,2,125,235,0,1,174,0,0.0,2,0,3,0
57,1,0,132,207,0,1,168,0,0.0,2,0,3,0
